FID,OID,DID,VAL
596,341000,310000,10007
983,360700,431000,10031
809,350600,360700,10136
1764,440600,450700,10143
1257,421000,422800,10192
689,341600,320100,10196
753,350200,440300,10200
1260,421000,429006,10201
1421,430200,360800,10349
1538,430900,430400,10408
1386,429021,422800,10423
1212,420700,421200,10430
627,341100,321100,10451
94,320200,330900,10531
987,360700,440500,10561
184,320600,330400,10598
1353,429005,420500,10619
2124,522600,430500,10684
1010,360800,440300,10733
355,330400,320600,10777
716,341700,361100,10821
153,320500,340200,10825
1294,421200,420700,10848
227,320900,321300,10887
274,321300,320900,10900
1505,430700,420500,10936
607,341000,340800,10993
697,341600,341500,11026
97,320200,341100,11040
434,330900,320200,11069
1371,429006,421000,11147
278,321300,340300,11172
1510,430700,430300,11249
1479,430500,441800,11285
1546,431000,360700,11297
2073,451100,440300,11330
538,340500,310000,11378
897,360300,360100,11397
76,320100,341700,11436
541,340500,320400,11466
1176,420500,430700,11497
1053,361100,341700,11539
1390,430100,360100,11581
2054,450700,440800,11583
1478,430500,440100,11603
514,340300,321300,11630
659,341300,320500,11679
1341,429004,420800,11700
1157,420300,611000,11763
1099,411700,420100,11802
425,330800,331000,11922
128,320400,340500,11938
169,320500,411400,11984
170,320500,411500,12001
2170,820000,440700,12034
1123,420100,430600,12161
714,341700,360400,12170
1430,430200,430900,12207
701,341700,320100,12384
36,310000,341200,12411
2009,445200,360700,12470
31,310000,340500,12529
376,330500,330700,12529
1284,421100,421200,12547
542,340500,320500,12560
1032,361000,350700,12569
818,350700,330800,12617
878,360100,430100,12649
1707,440300,445100,12732
551,340500,341800,12849
2169,820000,440600,12888
2001,445100,440300,12889
1297,421200,421100,12948
1106,420100,411700,12956
1172,420500,429005,13022
75,320100,341600,13111
156,320500,340500,13134
1788,440700,820000,13136
1773,440600,820000,13156
70,320100,341000,13157
1536,430900,430200,13180
1325,422800,421000,13223
2155,611000,420300,13265
254,321100,341100,13281
796,350500,361000,13283
828,350700,361000,13421
1238,420900,421000,13423
1606,433100,430500,13443
15,310000,321300,13454
776,350400,350600,13517
1486,430600,420100,13530
480,340100,340600,13574
1992,442000,451100,13593
464,331100,330200,13676
323,330200,331100,13683
1466,430400,441900,13685
444,330900,331000,13760
1072,371100,320300,13847
1330,422800,430700,13867
419,330800,330200,13869
454,331000,330900,13903
358,330400,330300,13904
588,340800,341000,13904
519,340300,341200,13936
1020,360900,360700,13940
2031,445300,450700,13982
2077,451100,441900,13996
556,340600,340100,13997
429,330800,350700,14111
727,341800,340500,14155
1381,429021,420600,14176
1234,420900,420500,14177
481,340100,340700,14234
1935,441900,360800,14340
532,340400,341100,14350
33,310000,340800,14371
1094,411500,421100,14388
266,321300,310000,14450
1667,440200,441300,14486
1030,361000,350400,14529
1194,420600,429021,14540
972,360700,350400,14555
1896,441600,440600,14581
1568,431100,440300,14585
1825,440900,440400,14673
632,341100,340400,14703
597,341000,320100,14723
453,331000,330800,14843
1831,440900,442000,14851
400,330700,330500,14879
570,340700,340100,14884
1108,420100,420300,14924
1089,411500,340100,15012
2022,445300,440300,15053
2046,450400,441900,15138
804,350600,350400,15154
1734,440500,360700,15160
420,330800,330300,15272
2061,450800,442000,15303
1682,440300,360800,15314
10,310000,320800,15320
1929,441800,442000,15369
192,320700,321000,15383
973,360700,350500,15484
1477,430500,433100,15532
1853,441300,440200,15574
320,330200,330800,15602
1081,411300,421300,15633
554,340600,320300,15709
970,360700,350200,15768
1556,431000,440300,15804
1755,440600,441600,15808
783,350400,361000,15891
1544,430900,433100,15894
1165,420500,420900,15904
1711,440300,451100,15908
1443,430300,430700,15909
1458,430400,430900,15949
635,341100,341200,16042
1741,440500,441900,16056
819,350700,331100,16094
183,320600,330100,16112
856,350900,350300,16122
774,350400,350300,16194
471,331100,350700,16202
765,350300,350900,16216
781,350400,360700,16218
2058,450800,440100,16305
643,341200,340300,16376
1276,421100,411500,16396
2152,610900,420300,16490
760,350300,350400,16502
1148,420300,420100,16651
1156,420300,610900,16694
671,341500,320100,16695
106,320300,340600,16912
1250,421000,420600,16914
1627,440100,430500,16940
340,330300,350100,16968
511,340300,320100,17006
752,350200,360700,17054
446,331000,320500,17061
1947,441900,440500,17176
1687,440300,430500,17225
1796,440800,441900,17276
1722,440400,440900,17315
1262,421000,430100,17347
981,360700,360900,17363
1530,430800,430900,17375
1850,441300,360700,17391
1444,430300,430800,17461
1398,430100,421000,17559
621,341100,310000,17725
1379,429021,420300,17736
1648,440100,445100,17755
152,320500,331000,17830
1103,420100,360400,17885
721,341800,320500,18104
200,320800,310000,18432
751,350200,350900,18554
2063,450900,440100,18581
1904,441700,440300,18599
162,320500,341300,18607
64,320100,340300,18634
928,360400,420100,18663
1154,420300,429021,18694
1659,440100,820000,18777
1304,421300,411300,18891
2000,445100,440100,18957
166,320500,341800,18975
1187,420600,421000,19032
1507,430700,422800,19042
867,360100,360500,19044
803,350600,350300,19211
1311,421300,420800,19290
74,320100,341500,19361
329,330300,310000,19623
234,321000,320700,19727
937,360500,360100,19755
286,330100,320600,19842
1762,440600,450300,19916
2039,450300,440600,20001
1542,430900,431200,20012
2166,820000,440100,20089
1969,441900,451100,20114
18,310000,330300,20144
1442,430300,430600,20242
1655,440100,450800,20370
99,320200,341800,20427
1485,430600,360400,20493
1688,440300,431000,20554
1441,430300,430500,20676
1939,441900,430400,20757
1225,420800,421300,20760
1580,431200,430900,20866
492,340100,411500,21000
790,350500,350700,21047
855,350900,350200,21087
1991,442000,450800,21089
248,321100,320800,21146
694,341600,341100,21217
829,350700,361100,21348
1497,430600,430300,21348
1496,430600,430200,21414
934,360400,430600,21458
657,341300,320100,21492
762,350300,350600,21497
1428,430200,430600,21662
403,330700,330900,21675
719,341800,320200,21714
210,320800,321100,21764
1541,430900,430800,21786
1716,440300,820000,21891
470,331100,331000,22082
749,350200,350700,22089
732,350100,330300,22142
821,350700,350200,22239
670,341500,310000,22290
557,340600,340300,22313
868,360100,360600,22544
247,321100,320600,22617
443,330900,330700,22729
1186,420600,420900,22866
73,320100,341300,22902
494,340200,310000,23006
1118,420100,422800,23117
824,350700,350500,23128
1082,411400,320300,23153
1253,421000,420900,23274
113,320300,411400,23309
673,341500,320500,23342
2167,820000,440300,23522
1950,441900,440800,23596
90,320200,330100,23776
426,330800,331100,23989
28,310000,340200,24059
1981,442000,440900,24061
1235,420900,420600,24096
455,331000,331100,24254
469,331100,330800,24254
1291,421200,360400,24292
181,320600,321100,24476
932,360400,421200,24481
739,350100,350800,24702
1052,361100,341000,24852
1272,421100,341500,24864
1567,431100,440100,24902
1665,440200,440300,24948
959,360600,360100,24994
604,341000,340200,25072
1940,441900,430500,25106
1790,440800,440300,25143
283,330100,320200,25201
1609,433100,430900,25452
517,340300,340600,25520
2072,451100,440100,25548
1445,430300,430900,25616
1838,441200,440300,25684
1558,431000,441900,25697
1056,361100,350700,25984
1689,440300,431100,26058
391,330600,330900,26235
1581,431200,431300,26316
1537,430900,430300,26352
624,341100,320500,26360
1657,440100,451100,26444
1597,431300,431200,26708
2028,445300,441900,26816
126,320400,330500,27145
1462,430400,440100,27224
348,330300,361100,27240
1320,422800,420100,27248
1331,422800,430800,27356
1989,442000,445300,27386
665,341300,341100,27432
687,341500,421100,27482
1911,441700,441900,27520
35,310000,341100,27612
1987,442000,441800,27617
1022,360900,361000,27688
1651,440100,450300,27709
1666,440200,440600,27790
991,360700,441900,27835
616,341000,361100,27850
1523,430800,422800,27872
505,340200,341000,27932
363,330400,330900,27940
1964,441900,450400,27980
2038,450300,440100,28003
1362,429005,429006,28056
163,320500,341500,28318
1670,440200,441900,28361
150,320500,330600,28491
1041,361000,360900,28496
832,350800,350100,28538
2074,451100,440600,28562
442,330900,330600,28579
1375,429006,429005,28654
1780,440700,441200,28689
1129,420200,360400,28691
986,360700,440300,28742
858,350900,350500,28930
1147,420300,411300,28986
794,350500,360700,29071
1079,411300,420300,29185
2068,450900,441900,29501
1691,440300,440200,29552
37,310000,341500,29582
813,350600,445200,29686
2065,450900,440600,29759
490,340100,341800,29764
1746,440600,440200,29807
383,330600,320500,29835
1092,411500,420100,29883
792,350500,350900,29948
1840,441200,440700,30016
1571,431100,441900,30113
2042,450400,440100,30268
1513,430700,430600,30274
1703,440300,441700,30459
440,330900,330400,30460
2033,445300,450900,30591
336,330300,330800,30621
1876,441400,441900,30786
1499,430600,430700,30800
2008,445200,350600,30816
268,321300,320200,31225
1481,430500,450300,31272
1709,440300,445300,31319
445,331000,310000,31367
1696,440300,440800,31463
1105,420100,411500,31661
151,320500,330900,31901
929,360400,420200,32014
1698,440300,441200,32028
161,320500,341100,32119
1554,431000,440100,32136
370,330500,320400,32140
2059,450800,440600,32146
1120,420100,429005,32448
25,310000,331000,32481
890,360200,360400,32602
89,320200,321300,32621
39,310000,341800,32704
1077,371700,320300,32741
1792,440800,440600,32779
102,320300,320500,32826
709,341700,340700,32876
717,341800,310000,33118
919,360400,360200,33154
242,321100,310000,33160
1255,421000,421200,33592
1630,440100,431100,33611
1652,440100,450400,33700
2036,450300,430500,33996
435,330900,320500,34009
1768,440600,451100,34155
1954,441900,441400,34164
2048,450400,445300,34324
1750,440600,440800,34514
1044,361100,330100,34519
1805,440800,460100,34957
1766,440600,450900,35134
725,341800,340100,35152
135,320500,320300,35211
1084,411400,340600,35276
1038,361000,360600,35402
576,340700,341700,35432
1296,421200,421000,35536
1040,361000,360800,35538
1629,440100,431000,35586
1957,441900,441700,35699
999,360800,360300,35722
1856,441300,440500,35726
1352,429005,420100,35783
450,331000,330400,35847
13,310000,321100,35888
1005,360800,361000,35896
1967,441900,450900,35896
2018,445200,441900,35915
1944,441900,440200,35925
1626,440100,430400,35976
1681,440300,360700,36043
2075,451100,441200,36110
22,310000,330700,36203
112,320300,371700,36520
965,360600,361000,36664
2122,520600,431200,37091
92,320200,330400,37237
395,330700,310000,37387
564,340600,411400,37388
941,360500,360800,37402
353,330400,320200,37413
1042,361000,361100,37716
1737,440500,441300,37841
2087,460100,440800,37857
1469,430500,430300,37906
1941,441900,431000,37989
1826,440900,440600,38208
1919,441800,430500,38233
1586,431200,520600,38444
901,360300,360800,38536
364,330400,331000,38552
1848,441200,451100,38662
1064,361100,361000,38716
1751,440600,440900,38797
1961,441900,445200,39078
723,341800,330100,39109
1001,360800,360500,39124
1228,420800,429005,39416
1824,440900,440300,39511
1962,441900,445300,39770
1994,442000,820000,39827
636,341100,341300,40169
777,350400,350700,40182
1174,420500,429021,40358
638,341100,341600,40496
303,330100,341800,40510
50,320100,320300,40515
1668,440200,441600,40580
584,340800,340200,40670
1893,441600,440200,40678
177,320600,320700,40875
1025,360900,430100,40942
1355,429005,420800,40982
1573,431100,451100,41015
296,330100,331100,41290
823,350700,350400,41322
504,340200,340800,41636
486,340100,341300,41681
2030,445300,450400,41718
1412,430100,431000,41956
1414,430100,431200,42088
611,341000,341700,42228
202,320800,320200,42408
309,330100,361100,42482
54,320100,320700,42663
1380,429021,420500,42717
1843,441200,441900,42915
1121,420100,429006,43088
864,360100,360200,43098
275,321300,321000,43255
1765,440600,450800,43263
667,341300,341600,43348
1524,430800,430100,43383
375,330500,330600,43509
189,320700,320600,43584
2175,820000,442000,43684
1366,429006,420100,43692
101,320300,320100,43708
696,341600,341300,43753
2043,450400,440600,43979
1223,420800,420900,44172
195,320700,370200,44446
508,340200,341700,44502
1934,441900,360700,44735
388,330600,330500,44792
463,331100,330100,44976
2045,450400,441200,45061
188,320700,320500,45211
1572,431100,450300,45264
1237,420900,420800,45304
633,341100,340500,45524
1396,430100,360900,45619
1955,441900,441500,45655
1549,431000,430100,45727
548,340500,341100,45762
2125,522600,431200,45780
1416,430100,433100,45783
1983,442000,441300,45990
2071,451100,431100,46088
706,341700,340200,46164
1293,421200,420200,46382
1736,440500,440300,46537
2037,450300,431100,46667
836,350800,350500,46714
489,340100,341700,46717
860,350900,350700,46790
791,350500,350800,47050
1141,420200,421200,47060
826,350700,350900,47190
62,320100,340100,47210
925,360400,360900,47266
1587,431200,522600,47428
1886,441500,441900,47531
1090,411500,341200,47621
1017,360900,360400,47701
651,341200,411500,47706
186,320700,320100,47785
2049,450500,440800,47822
1065,370200,320700,47828
591,340800,360400,47932
1798,440800,450500,48146
1724,440400,441700,48185
138,320500,320700,48438
386,330600,330300,48472
587,340800,340700,48474
1660,440200,360700,48641
239,321000,321300,48705
1634,440100,440500,48870
1847,441200,450400,49316
916,360400,340800,49404
1863,441300,442000,49413
705,341700,340100,49506
63,320100,340200,49671
84,320200,320800,49741
211,320800,321200,50041
1735,440500,440100,50356
985,360700,440200,50750
1877,441400,445100,50758
984,360700,440100,50907
1413,430100,431100,50950
889,360200,360100,51010
495,340200,320100,51364
1739,440500,441500,51370
1693,440300,440500,51442
1905,441700,440400,51516
373,330500,330200,51752
599,341000,330100,51817
262,321200,320800,51865
869,360100,360700,51997
334,330300,330600,52583
1557,431000,441800,52583
1881,441500,440500,52992
711,341700,341000,53210
228,321000,310000,53418
1489,430600,421200,53426
571,340700,340200,53546
1543,430900,431300,53982
2004,445100,441400,54146
483,340100,341000,54210
1431,430200,431000,54256
1591,431300,430400,54268
1242,420900,429004,54354
1300,421200,430600,54504
1091,411500,341500,54635
1595,431300,430900,54786
573,340700,340800,55370
612,341000,341800,55442
1550,431000,430200,55512
233,321000,320600,55822
1927,441800,441300,55841
361,330400,330700,56283
1574,431200,430100,56337
1763,440600,450400,56414
271,321300,320500,56435
503,340200,340700,56708
1697,440300,440900,56738
53,320100,320600,56754
1361,429005,429004,56808
475,340100,320100,56984
1872,441400,440500,57010
1348,429004,429005,57040
1244,420900,429006,57084
1738,440500,441400,57094
844,350800,441400,57116
1109,420100,420500,57520
180,320600,321000,57525
661,341300,340100,57753
317,330200,330500,57824
603,341000,340100,58118
144,320500,321300,58313
300,330100,341000,58344
737,350100,350600,58742
56,320100,320900,58764
1239,420900,421100,58794
21,310000,330600,59070
1578,431200,430700,59456
1516,430700,431200,59586
1719,440400,440600,59740
382,330600,310000,59865
1748,440600,440400,59948
1183,420600,420500,59956
686,341500,411500,60053
1220,420800,420500,60102
1282,421100,420900,60308
1642,440100,441500,60447
399,330700,330400,60502
294,330100,330900,60673
12,310000,321000,60781
773,350400,350200,60814
1844,441200,442000,60982
246,321100,320500,60986
1868,441400,350800,60992
746,350200,350400,61084
1560,431100,430100,61594
681,341500,340800,61852
1185,420600,420800,61860
1162,420500,420600,61972
801,350600,350100,62232
142,320500,321100,62247
146,320500,330200,62277
1518,430700,433100,62288
1461,430400,431300,62470
778,350400,350800,62546
1342,429004,420900,62574
589,340800,341500,62760
2066,450900,440800,62780
835,350800,350400,62782
1879,441500,440100,63165
1370,429006,420900,63200
1952,441900,441200,63688
990,360700,441600,63814
1801,440800,450900,63914
437,330900,330100,64052
1619,440100,360700,64271
516,340300,340400,64674
1039,361000,360700,64693
1830,440900,441900,64906
1775,440700,440300,64916
313,330200,320500,64979
729,341800,341000,65414
217,320900,320100,65695
529,340400,340300,66042
1221,420800,420600,66274
2027,445300,441700,66321
1060,361100,360400,66360
1164,420500,420800,66510
595,340800,421100,66706
120,320400,320900,66872
219,320900,320400,66872
1913,441700,445300,66914
104,320300,320800,67605
1920,441800,431000,67610
2010,445200,440100,67723
1861,441300,441800,67775
93,320200,330500,67783
1271,421100,340800,67880
2021,445300,440100,67909
173,320600,320100,67910
1607,433100,430700,67928
982,360700,361000,68178
288,330100,330300,68335
205,320800,320500,68758
1570,431100,441800,68776
1649,440100,445200,68851
989,360700,441400,69052
927,360400,361100,69294
975,360700,350800,69736
1097,411600,341600,70109
1062,361100,360600,70588
1832,440900,445300,70634
203,320800,320300,70660
839,350800,360700,70830
1189,420600,421300,70836
1650,440100,445300,70893
966,360600,361100,71378
315,330200,330300,71572
1098,411700,341200,72092
1982,442000,441200,72190
1159,420500,420100,72244
1073,371100,320700,72909
902,360300,360900,73350
1892,441600,440100,73395
976,360700,360100,73480
1870,441400,440100,73584
139,320500,320800,73769
1309,421300,420600,73980
332,330300,330200,74040
1637,440100,440800,74489
1224,420800,421000,74588
1871,441400,440300,74788
1641,440100,441400,74829
1942,441900,431100,74830
1086,411400,341300,74837
1555,431000,440200,74850
1420,430200,360300,75008
1789,440800,440100,75134
1021,360900,360800,75408
906,360300,430200,75504
515,340300,340100,75613
1016,360900,360300,75660
653,341200,411700,76233
331,330300,330100,76638
942,360500,360900,76692
1643,440100,441600,76701
536,340400,341600,76824
692,341600,340400,76998
669,341300,411400,77097
197,320700,371100,77642
1018,360900,360500,77866
1252,421000,420800,77916
1890,441600,360700,77926
1695,440300,440700,77971
1440,430300,430400,78082
745,350200,350300,78324
369,330500,320200,78418
1004,360800,360900,80302
1614,433100,520600,80931
1047,361100,330700,81060
1087,411400,341600,81327
759,350300,350200,81412
699,341600,411600,81597
1946,441900,440400,81769
1869,441400,360700,81862
2123,520600,433100,82210
1474,430500,431100,82892
477,340100,340300,82921
1663,440200,431000,83160
1454,430400,430300,83540
118,320400,320600,84020
2025,445300,440900,84450
465,331100,330300,84704
1426,430200,430400,84716
1374,429006,429004,85040
1349,429004,429006,85262
698,341600,411400,86175
1453,430400,430200,86376
1080,411300,420600,86636
339,330300,331100,86747
232,321000,320500,87594
468,331100,330700,87881
1312,421300,420900,88642
141,320500,321000,88911
175,320600,320400,89058
905,360300,430100,89256
1150,420300,420600,89328
1823,440900,440100,89364
405,330700,331100,89382
1182,420600,420300,89936
691,341600,340300,90220
2024,445300,440700,90318
48,320100,310000,90562
1258,421000,429004,90922
1179,420600,411300,91351
2067,450900,440900,91455
1343,429004,421000,92146
236,321000,320900,93261
1726,440400,441900,93516
720,341800,320400,93574
1785,440700,445300,93610
59,320100,321200,94257
2014,445200,441300,94374
1865,441300,445200,94530
1638,440100,440900,94582
1241,420900,421300,94804
718,341800,320100,95122
660,341300,321300,95276
1835,440900,450900,95307
1873,441400,441300,95730
2015,445200,441400,96078
1912,441700,442000,96346
1066,370400,320300,96405
1986,442000,441700,96822
131,320400,341800,97448
1795,440800,441700,97594
1700,440300,441400,97639
224,320900,321000,97785
1793,440800,440700,98476
1048,361100,330800,98648
1858,441300,441400,98826
1455,430400,430500,99018
810,350600,440500,100218
121,320400,321000,100407
280,321300,341300,101022
870,360100,360800,101134
1878,441400,445200,101418
1926,441800,441200,101438
1875,441400,441600,101504
1070,370800,320300,101799
522,340300,341600,101868
1449,430300,431300,102006
1180,420600,420100,102204
1110,420100,420600,102837
109,320300,370800,102974
1842,441200,441800,103404
1470,430500,430400,103462
251,321100,321200,103470
231,321000,320400,103479
108,320300,370400,103997
265,321200,321100,104706
1779,440700,440900,105006
360,330400,330600,105121
1590,431300,430300,105260
1075,371300,320300,105559
1924,441800,440300,105916
1900,441600,441900,105942
1951,441900,440900,105945
807,350600,350800,106008
1827,440900,440700,106060
1778,440700,440800,107068
387,330600,330400,107872
1275,421100,360400,107895
837,350800,350600,108120
213,320800,341100,108752
257,321200,320100,110055
1921,441800,431100,110082
812,350600,445100,110586
1732,440500,350600,110800
77,320100,341800,110805
415,330700,361100,110874
111,320300,371300,111291
1898,441600,441400,111640
1563,431100,430500,111846
1908,441700,440800,111868
1229,420800,429006,112410
1369,429006,420800,113002
735,350100,350400,113072
87,320200,321100,113512
772,350400,350100,113608
24,310000,330900,113730
1631,440100,440200,113874
244,321100,320200,114140
625,341100,320800,114170
432,330800,361100,114174
451,331000,330600,114688
744,350200,350100,114700
5,310000,320100,114714
1664,440200,440100,114749
724,341800,330500,115244
392,330600,331000,115596
998,360800,360100,115890
433,330900,310000,115955
775,350400,350500,116786
1577,431200,430500,116940
563,340600,341600,116958
1475,430500,431200,117006
1391,430100,360300,117370
1956,441900,441600,117433
1265,421000,430700,117732
1529,430800,430700,118068
1112,420100,420800,118630
103,320300,320700,119126
1506,430700,421000,119176
14,310000,321200,119492
733,350100,350200,119598
187,320700,320300,120504
1410,430100,430800,120904
86,320200,321000,121560
1264,421000,430600,121854
1997,445100,350600,122020
693,341600,340600,122034
488,340100,341600,122541
256,321200,310000,122630
1459,430400,431000,123166
1217,420800,420100,123405
230,321000,320200,123624
677,341500,340400,124066
788,350500,350400,124258
931,360400,421100,124956
535,340400,341500,126180
1488,430600,421000,128776
2011,445200,440300,130069
381,330500,341800,130600
738,350100,350700,130930
1514,430700,430800,130980
1783,440700,441900,131116
1211,420700,421100,131290
60,320100,321300,131373
626,341100,321000,132490
1708,440300,445200,133422
1096,411600,341200,134272
690,341600,340100,134341
240,321000,341100,135412
750,350200,350800,135428
1669,440200,441800,136212
1552,431000,430400,136292
1692,440300,440400,136346
1306,421300,420100,137724
1281,421100,420700,138688
1582,431200,433100,139144
1076,371300,320700,139170
398,330700,330300,139196
1117,420100,421300,139542
1357,429005,421000,139710
1565,431100,431000,140184
644,341200,340400,140604
1259,421000,429005,141148
335,330300,330700,141486
649,341200,341500,141618
1704,440300,441800,141899
684,341500,341200,142024
343,330300,350900,142210
850,350900,330300,142732
198,320700,371300,142776
1923,441800,440200,142780
833,350800,350200,143028
652,341200,411600,143918
533,340400,341200,143960
1278,421100,420200,144580
1610,433100,431200,145014
1603,433100,430100,145550
1460,430400,431100,145568
1562,431100,430400,145856
820,350700,350100,147216
267,321300,320100,147368
1553,431000,431100,148542
1140,420200,421100,148900
1592,431300,430500,149018
1476,430500,431300,149068
1439,430300,430200,150238
218,320900,320200,150548
662,341300,340300,151188
85,320200,320900,154484
1107,420100,420200,156004
1425,430200,430300,157166
2016,445200,441500,157350
520,340300,341300,157894
1133,420200,420100,158276
1718,440400,440300,161234
423,330800,330700,162276
1949,441900,440700,162726
1889,441500,445200,163654
1539,430900,430600,163822
1321,422800,420500,164264
1170,420500,422800,164592
1501,430600,430900,164626
1753,440600,441300,165956
7,310000,320400,167056
1058,361100,360200,167168
123,320400,321200,169194
223,320900,320800,169494
208,320800,320900,169572
114,320400,310000,170620
894,360200,361100,170800
2019,445200,445100,170840
1515,430700,430900,170916
402,330700,330800,171678
2023,445300,440600,172076
259,321200,320400,172650
710,341700,340800,173610
1540,430900,430700,174074
357,330400,330200,175888
295,330100,331000,176376
316,330200,330400,176616
590,340800,341700,176886
319,330200,330700,176966
216,320900,310000,177026
397,330700,330200,177248
447,331000,330100,177358
509,340200,341800,179414
83,320200,320600,179418
452,331000,330700,180560
1003,360800,360700,180806
527,340400,340100,180962
478,340100,340400,181524
174,320600,320200,182050
726,341800,340200,182540
1829,440900,441700,184026
418,330800,330100,184800
1857,441300,440600,185012
404,330700,331000,185442
293,330100,330800,187180
1761,440600,445300,187608
11,310000,320900,188833
2007,445100,445200,189598
1729,440400,820000,189767
193,320700,321300,191444
49,320100,320200,191966
1166,420500,421000,192888
1880,441500,440300,193246
1928,441800,441900,193998
321,330200,330900,194133
872,360100,361000,194142
1894,441600,440300,194576
479,340100,340500,194844
1249,421000,420500,197610
80,320200,320100,197882
1033,361000,360100,198894
190,320700,320800,199638
207,320800,320700,199914
1909,441700,440900,200670
272,321300,320700,201192
438,330900,330200,201336
980,360700,360800,204700
544,340500,340100,205820
476,340100,340200,206064
1119,420100,429004,206082
1701,440300,441500,208410
1859,441300,441500,210114
1883,441500,441300,210644
237,321000,321100,212270
1608,433100,430800,212714
1720,440400,440700,213710
805,350600,350500,213940
500,340200,340100,214424
2168,820000,440400,216085
2026,445300,441200,216678
1336,429004,420100,216782
789,350500,350600,218402
1845,441200,445300,218554
52,320100,320500,218828
1776,440700,440400,219182
20,310000,330500,220145
1702,440300,441600,220502
518,340300,341100,220720
485,340100,341200,221744
1756,440600,441700,221878
631,341100,340300,222456
642,341200,340100,227794
1602,433100,422800,228206
1906,441700,440600,230210
873,360100,361100,230928
785,350500,350100,232610
1332,422800,433100,234412
736,350100,350500,234416
133,320500,320100,234438
787,350500,350300,234476
1588,431300,430100,235430
250,321100,321000,235656
545,340500,340200,237260
1958,441900,441800,238134
1644,440100,441700,238865
1406,430100,430400,238882
209,320800,321000,241338
367,330500,310000,241408
1415,430100,431300,242746
1976,442000,440300,243042
1057,361100,360100,244680
17,310000,330200,245994
1903,441700,440100,248815
502,340200,340500,249684
235,321000,320800,250500
1988,442000,441900,251386
1706,440300,442000,251568
311,330200,310000,253054
389,330600,330700,253142
761,350300,350500,253988
401,330700,330600,254268
1407,430100,430500,255560
2113,500000,422800,256361
1452,430400,430100,257982
1467,430500,430100,259006
285,330100,320500,260066
629,341100,340100,264836
1959,441900,442000,268578
322,330200,331000,269298
484,340100,341100,269318
1205,420700,420200,270376
1114,420100,421000,271142
866,360100,360400,272003
448,331000,330200,273474
55,320100,320800,275962
1633,440100,440400,277336
1116,420100,421200,280190
191,320700,320900,281958
1292,421200,420100,282580
918,360400,360100,283932
1333,422800,500000,284363
734,350100,350300,285078
1897,441600,441300,286170
145,320500,330100,286187
220,320900,320500,286264
51,320100,320400,287288
758,350300,350100,289938
1717,440400,440100,291751
115,320400,320100,292630
1860,441300,441600,294288
222,320900,320700,295284
1246,421000,420100,295460
201,320800,320100,297452
1136,420200,420700,299098
338,330300,331000,300084
449,331000,330300,300570
140,320500,320900,305098
1747,440600,440300,311652
1509,430700,430100,314242
1781,440700,441700,315480
1907,441700,440700,317500
260,321200,320500,321132
57,320100,321000,321226
1204,420700,420100,321806
143,320500,321200,322272
1409,430100,430700,325788
1694,440300,440600,327006
1111,420100,420700,331146
1532,430800,433100,333532
261,321200,320600,333926
229,321000,320100,334614
182,320600,321200,334794
179,320600,320900,340326
221,320900,320600,343588
695,341600,341200,344628
650,341200,341600,351320
117,320400,320500,352480
1837,441200,440100,356458
136,320500,320400,357316
374,330500,330400,357756
287,330100,330200,357828
583,340800,340100,360402
359,330400,330500,360726
1925,441800,440600,361452
1639,440100,441200,363036
314,330200,330100,367178
482,340100,340800,368668
740,350100,350900,371496
318,330200,330600,378840
385,330600,330200,381352
88,320200,321200,382012
1757,440600,441800,383146
854,350900,350100,388446
664,341300,340600,393370
226,320900,321200,395356
1758,440600,441900,395910
258,321200,320200,396146
561,340600,341300,400422
539,340500,320100,402940
273,321300,320800,407954
622,341100,320100,409222
79,320200,310000,412798
212,320800,321300,414772
263,321200,320900,421472
6,310000,320200,421490
1794,440800,440900,426406
71,320100,341100,427020
1948,441900,440600,433364
1015,360900,360100,434818
66,320100,340500,437962
1828,440900,440800,439456
1404,430100,430200,442288
871,360100,360900,443754
1424,430200,430100,445918
658,341300,320300,446526
105,320300,321300,461544
1636,440100,440700,469020
371,330500,320500,473318
292,330100,330700,476932
1774,440700,440100,485972
16,310000,330100,497660
396,330700,330100,498378
107,320300,341300,505712
269,321300,320300,510034
282,330100,310000,513564
149,320500,330500,517412
245,321100,320400,598082
1784,440700,442000,609044
238,321000,321200,611754
1979,442000,440700,615414
243,321100,320100,617456
122,320400,321100,628574
1647,440100,442000,630298
58,320100,321100,645120
264,321200,321000,647328
1495,430600,430100,647408
176,320600,320500,650372
2002,445100,440500,658352
1974,442000,440100,664820
1535,430900,430100,668724
137,320500,320600,671448
1438,430300,430100,676890
354,330400,320500,677540
1405,430100,430300,680112
1408,430100,430600,686528
1839,441200,440600,689382
9,310000,320600,698272
148,320500,330400,701146
19,310000,330400,704904
1742,440500,445100,707816
172,320600,310000,711518
1411,430100,430900,712432
352,330400,310000,719820
1752,440600,441200,736564
290,330100,330500,747228
1115,420100,421100,749232
1777,440700,440600,753958
1277,421100,420100,756218
1749,440600,440700,757938
372,330500,330100,779282
786,350500,350200,864972
747,350200,350500,868838
1232,420900,420100,872736
1113,420100,420900,872946
748,350200,350600,874190
802,350600,350200,903526
674,341500,340100,952622
1640,440100,441300,959910
487,340100,341500,969466
1922,441800,440100,972730
2012,445200,440500,984786
1852,441300,440100,988032
1645,440100,441800,989088
291,330100,330600,1017688
1743,440500,445200,1024466
384,330600,330100,1042340
1632,440100,440300,1180184
1690,440300,440100,1200452
1759,440600,442000,1224464
1978,442000,440600,1264580
81,320200,320400,1322848
116,320400,320200,1354956
356,330400,330100,1382064
1977,442000,440400,1449468
289,330100,330400,1488920
1727,440400,442000,1695730
82,320200,320500,1871448
134,320500,320200,1925456
1862,441300,441900,1929780
1953,441900,441300,1957946
1646,440100,441900,2176288
1943,441900,440100,2249298
1854,441300,440300,2519970
1699,440300,441300,2600668
132,320500,310000,3414384
8,310000,320500,3635718
1745,440600,440100,3677304
1635,440100,440600,3692992
1705,440300,441900,5947660
1945,441900,440300,5953010
